"File","Line","Scope","Element"
"app/(game)/page.tsx","1280","production","<DialogContent surface=""soft"" className=""w-[min(92vw,26rem)]"">"
"app/admin/page.tsx","3899","production","<DialogContent className=""max-w-md max-h-[80vh] flex flex-col"">"
"app/admin/page.tsx","3978","production","<DialogContent>"
"app/providers.tsx","261","production","<DialogContent surface=""soft"" className=""w-[min(92vw,26rem)]"">"
"app/providers.tsx","347","production","<DialogContent surface=""soft"" className=""w-[min(92vw,26rem)]"">"
"app/qa/frontend/action-fixtures.tsx","51","development fixture","<DialogContent padding={padding} mobileMode=""sheet"">"
"app/qa/frontend/dialog-layout-fixtures.tsx","31","development fixture","<DialogContent layout={layout} padding=""compact"" hideCloseButton={layout === 'game'}>"
"app/qa/frontend/frontend-fixtures.tsx","112","development fixture","<DialogContent>"
"app/qa/frontend/frontend-fixtures.tsx","117","development fixture","<DialogContent layer=""nested"" size=""sm"" onEscapeKeyDown={event => { if (blockEscape) event.preventDefault(); }}>"
"components/arcade/ArcadeDialog.tsx","1293","production","<DialogContent className=""max-w-md w-[min(92vw,28rem)]"">"
"components/arcade/ArcadeDialog.tsx","1310","production","<DialogContent surface=""soft"" className=""max-w-md w-[min(94vw,28rem)]"">"
"components/broadcast-message-modal.tsx","109","production","<DialogContent className=""max-w-md"" onEscapeKeyDown={(e) => !canDismiss && e.preventDefault()} onPointerDownOutside={(e) => !canDismiss && e.preventDefault()} onInteractOutside={(e) => !canDismiss && e.preventDefault()} hideCloseButton={!canDismiss} >"
"components/building-info-dialog.tsx","425","production","<DialogContent layout=""detail"" className={isBarracks || isCasino ? 'max-w-md' : 'max-w-sm'}>"
"components/chat/chat-dialog.tsx","71","production","<DialogContent size=""full"" surface=""soft"" /* Height caps against the keyboard-inclusive visual viewport (fixed dvh kept the sticky input under the iOS keyboard — this is THE dialog whose whole purpose is typing). */ className=""flex h-[min(86dvh,calc(var(--visual-viewport-height,100dvh)*0.86),42rem)] w-[min(94vw,28rem)] max-w-md flex-col rounded-[var(--radius-dialog)] border sm:h-[min(82dvh,calc(var(--visual-viewport-height,100dvh)*0.82))] sm:w-[c"
"components/edit-land-name.tsx","108","production","<DialogContent layout=""form"" surface=""soft"" className=""max-w-md"">"
"components/edit-plant-name.tsx","291","production","<DialogContent layout=""form"" surface=""soft"" className=""max-w-md"">"
"components/efp-transaction-boundary.tsx","636","production","<DialogContent hideCloseButton layer=""nested"" mobileMode=""sheet"" size=""sm"" className=""gap-5"" >"
"components/map/land-map-modal.tsx","222","production","<DialogContent padding=""none"" className=""max-w-[min(94vw,64rem)] h-[85dvh] overflow-hidden bg-card bg-[image:var(--gradient-dialog)] border-border/65 flex flex-col gap-0 focus:outline-none"" hideCloseButton >"
"components/mint-share-modal.tsx","225","production","<DialogContent className=""max-w-md"" surface=""soft"" hideCloseButton>"
"components/plant-care-layout.tsx","20","production","<DialogContent size=""md"" layout=""detail"" mobileMode=""sheet"">"
"components/plant-profile-dialog.tsx","445","production","<DialogContent layer={nested ? ""nested"" : ""default""} surface=""soft"" padding=""none"" className=""w-[min(94vw,27.5rem)] max-w-[27.5rem]"" >"
"components/staking/staking-dialog.tsx","428","production","<DialogContent layout=""form"" mobileMode=""center"" surface=""soft"" className=""w-[min(94vw,28rem)] max-w-md"">"
"components/tabs/about-tab.tsx","193","production","<DialogContent mobileMode=""center"" surface=""soft"" className=""w-[min(94vw,28rem)] max-w-md"">"
"components/tabs/leaderboard-tab.tsx","1369","production","<DialogContent ref={handleAttackDialogFrameRef} mobileMode=""center"" surface=""soft"" className=""max-w-md w-[min(94vw,28rem)]"">"
"components/tabs/leaderboard-tab.tsx","1603","production","<DialogContent ref={handleKillDialogFrameRef} mobileMode=""center"" surface=""soft"" className=""max-w-md w-[min(94vw,28rem)]"">"
"components/tabs/leaderboard-tab.tsx","1754","production","<DialogContent>"
"components/tabs/leaderboard-tab.tsx","1815","production","<DialogContent>"
"components/tabs/plants-view.tsx","670","production","<DialogContent>"
"components/tasks/TasksInfoDialog.tsx","322","production","<DialogContent mobileMode=""center"" surface=""soft"" className=""w-[min(94vw,28rem)] max-w-md"">"
"components/transactions/BaccaratDialog.tsx","677","production","<DialogContent padding=""none"" className=""blackjack-dialog-surface w-[min(96vw,34rem)] border-white/15 bg-[url('/icons/casinobj-bg.webp')] bg-cover bg-center bg-no-repeat text-white"" mobileMode=""center"" surface=""game"" size=""full"" hideCloseButton /* Money game with no visible close button: a stray backdrop tap must not abandon a round — nor may a stray Escape press. */ onPointerDownOutside={(event) => event.preventDefault()} onEscapeKeyDown={(event"
"components/transactions/BlackjackDialog.tsx","1569","production","<DialogContent layout=""game"" hideCloseButton /* Money game with no visible close button: a stray backdrop tap must not abandon a hand mid-round — nor may a stray Escape press. */ onPointerDownOutside={(event) => event.preventDefault()} onEscapeKeyDown={(event) => { if (walletTxPending || gameState.isActive) event.preventDefault(); }} mobileMode=""center"" surface=""game"" padding=""none"" className=""blackjack-dialog-surface w-[min(96vw,34rem)] border-w"
"components/transactions/CasinoDialog.tsx","828","production","<DialogContent layout=""game"" hideCloseButton /* Money game with no visible close button: a stray backdrop tap must not abandon a spin mid-round — and neither may a stray Escape press (it used to fall straight through to close). */ onPointerDownOutside={(event) => event.preventDefault()} onEscapeKeyDown={(event) => { if (walletTxPending || pendingGame) event.preventDefault(); }} mobileMode=""center"" surface=""game"" size=""full"" padding=""compact"" stic"
"components/transactions/marketplace-dialog.tsx","366","production","<DialogContent surface=""soft"" className=""w-[min(94vw,28rem)] max-w-md tablet:w-[min(92vw,64rem)] tablet:max-w-5xl"">"
"components/transactions/transfer-assets-dialog.tsx","912","production","<DialogContent layout=""detail"" className=""sm:max-w-md"">"
"components/tutorial/SlideshowModal.tsx","90","production","<DialogContent hideCloseButton padding=""none"" useSafeAreaInset={false} overlayClassName=""bg-black/50 backdrop-blur-[var(--blur-overlay)]"" frameClassName=""items-end sm:items-center justify-center p-0 sm:p-4"" className=""max-h-[90dvh] w-full max-w-md rounded-[var(--radius-dialog)] border border-[hsl(var(--edge-strong))] shadow-[var(--shadow-modal)]"" onInteractOutside={(event) => event.preventDefault()} onPointerDownOutside={(event) => event.preventD"
"components/wallet-profile.tsx","634","production","<DialogContent size=""lg"" surface=""soft"" className=""w-[min(94vw,28rem)] max-w-md"">"
"components/wallet-profile.tsx","979","production","<DialogContent className=""w-[min(94vw,28rem)] max-w-md"" hideCloseButton={isExporting} /* Mirrors hideCloseButton: while the Privy export window is open the user must not be able to dismiss this dialog out from under it. */ onPointerDownOutside={(event) => { if (isExporting) event.preventDefault(); }} onEscapeKeyDown={(event) => { if (isExporting) event.preventDefault(); }} >"
